Transaction,Centrality
89273,0.01848539057841383
2881273,0.01073345259391771
2758467,0.009540846750149075
2881274,0.009540846750149075
230658142,0.008348240906380441
232438397,0.005963029218843172
43560505,0.005366726296958855
232029206,0.0041741204531902205
1913117,0.0035778175313059034
2880930,0.002981514609421586
